url,title,links_found
http://localhost:8000/page1.html,Test Page 1,5
http://localhost:8000/page2.html,Test Page 2,5
http://localhost:8000/page4.html,Test Page 4,5
http://localhost:8000/page5.html,Test Page 5,5
http://localhost:8000/page3.html,Test Page 3,5
http://localhost:8000/page6.html,Test Page 6,5
http://localhost:8000/page9.html,Test Page 9,5
http://localhost:8000/page8.html,Test Page 8,5
http://localhost:8000/page7.html,Test Page 7,5
http://localhost:8000/page10.html,Test Page 10,5
http://localhost:8000/page11.html,Test Page 11,5
http://localhost:8000/page13.html,Test Page 13,5
http://localhost:8000/page12.html,Test Page 12,5
http://localhost:8000/page14.html,Test Page 14,5
http://localhost:8000/page15.html,Test Page 15,5
http://localhost:8000/page17.html,Test Page 17,5
http://localhost:8000/page16.html,Test Page 16,5
http://localhost:8000/page18.html,Test Page 18,5
http://localhost:8000/page21.html,Test Page 21,5
http://localhost:8000/page19.html,Test Page 19,5
http://localhost:8000/page20.html,Test Page 20,5
http://localhost:8000/page22.html,Test Page 22,5
http://localhost:8000/page25.html,Test Page 25,5
http://localhost:8000/page23.html,Test Page 23,5
http://localhost:8000/page24.html,Test Page 24,5
http://localhost:8000/page26.html,Test Page 26,5
http://localhost:8000/page28.html,Test Page 28,5
http://localhost:8000/page27.html,Test Page 27,5
http://localhost:8000/page29.html,Test Page 29,5
http://localhost:8000/page30.html,Test Page 30,5
http://localhost:8000/page31.html,Test Page 31,5
http://localhost:8000/page32.html,Test Page 32,5
http://localhost:8000/page33.html,Test Page 33,5
http://localhost:8000/page34.html,Test Page 34,5
http://localhost:8000/page36.html,Test Page 36,5
http://localhost:8000/page35.html,Test Page 35,5
http://localhost:8000/page37.html,Test Page 37,5
http://localhost:8000/page38.html,Test Page 38,5
http://localhost:8000/page39.html,Test Page 39,5
http://localhost:8000/page40.html,Test Page 40,5
http://localhost:8000/page41.html,Test Page 41,5
http://localhost:8000/page42.html,Test Page 42,5
http://localhost:8000/page45.html,Test Page 45,5
http://localhost:8000/page43.html,Test Page 43,5
http://localhost:8000/page44.html,Test Page 44,5
http://localhost:8000/page46.html,Test Page 46,4
http://localhost:8000/page47.html,Test Page 47,3
http://localhost:8000/page48.html,Test Page 48,2
http://localhost:8000/page49.html,Test Page 49,1
http://localhost:8000/page50.html,Test Page 50,0
